"Country","Year","Survey","Valid records","LIS ceiling (PPP/day)","outdetect threshold (PPP/day)","Population affected (%) - LIS","Population affected (%) - outdetect","Welfare affected (%) - LIS","Welfare affected (%) - outdetect","Mean (PPP/day) - Raw","Mean (PPP/day) - LIS-capped","Mean (PPP/day) - Change (%) LIS","Mean (PPP/day) - outdetect-capped","Mean (PPP/day) - Change (%) outdetect","Gini - Raw","Gini - LIS-capped","Gini - Change (%) LIS","Gini - outdetect-capped","Gini - Change (%) outdetect","MLD - Raw","MLD - LIS-capped","MLD - Change (%) LIS","MLD - outdetect-capped","MLD - Change (%) outdetect","Atkinson(2) - Raw","Atkinson(2) - LIS-capped","Atkinson(2) - Change (%) LIS","Atkinson(2) - outdetect-capped","Atkinson(2) - Change (%) outdetect"
"MWI",1997,"IHS-I",10693,38.7815210461652,16.1432647044469,0.434709642833699,1.48931367670054,41.5964282908926,46.860046720085,4.61516630860759,2.86400897616746,-37.9435369246414,2.69292106929375,-41.6506169177203,0.657555705276473,0.448300837517791,-31.8231392533808,0.413795791448769,-37.0706104245896,0.811075873615654,0.336591074323372,-58.5006674131607,0.282240925907321,-65.2016617571012,0.646717721759855,0.430746824251195,-33.3949249018501,0.394902162876502,-38.937476183289
"BLZ",1993,"LFS",704,290.630448944284,213.040375323908,0.246155253090277,0.307884589004557,20.0901990055536,21.4931741930144,10.5691853136104,9.16121706799651,-13.3214453511451,8.95345038735338,-15.287222981854,0.601049590785184,0.539924376891807,-10.1697455302357,0.529310733038427,-11.9355971365092,0.688425294497802,0.547619989974174,-20.4532438957438,0.52551602275255,-23.6640450383352,0.731710250361908,0.690480974127327,-5.63464516373645,0.683301567197268,-6.61582684412268
"BLZ",1994,"LFS",660,228.853103416055,238.109012206983,0.282513237763141,0.282513237763141,19.9589155629467,19.9589155629467,10.3236755795874,8.90972219984714,-13.6962205838396,8.93587136745679,-13.4429273898792,0.605752189612845,0.543417011154382,-10.290541169699,0.544744849230274,-10.0713363366565,0.681165893297561,0.536536102938172,-21.2326823439776,0.539354695578385,-20.8188928885825,0.700358842906074,0.652813472489566,-6.78871565599471,0.653828935510309,-6.64372383772479
"BLZ",1997,"LFS",753,295.79204689622,197.232657259969,0.113681871616995,0.164063610174528,18.2439892195915,19.4349867138221,8.54773742008037,7.32455106164776,-14.3100600582219,7.21007280609921,-15.6493414367025,0.602251640358501,0.535916569385902,-11.0145106343108,0.528566667588746,-12.2349144164875,0.72088240663607,0.567771307994101,-21.2394001063846,0.5524914066891,-23.3590109006475,0.795562496943917,0.761422711765262,-4.29127633715759,0.757635529396419,-4.76731466015436
"SYC",2013,"HBS",1759,263.640549820467,127.672795098123,0.221724234481656,0.88364320376907,12.063038524619,17.6105961581804,24.1287666114804,21.8026591904948,-9.64039090120287,21.0077189425293,-12.9349656333703,0.468146302341744,0.411539372277232,-12.0917178628465,0.389510020445914,-16.7973732789254,0.400183905191472,0.301866169921497,-24.5681382970496,0.269189998181211,-32.7334271346034,0.541004716139092,0.492066715364518,-9.04576232233659,0.47299873800958,-12.5703115149975
"MDV",2002,"HIES",834,63.8917035553409,33.4722940412602,0.323230049006655,0.489437312379497,11.8246353951171,12.7200094396175,7.05623258728389,6.42837599591925,-8.89790102010115,6.32250503244732,-10.3982903874063,0.413120270527936,0.355925234255005,-13.8446453377464,0.345199460652818,-16.4409288821196,0.300817941286179,0.21079090595851,-29.9274155466755,0.196480806734009,-34.684478627194,0.383416818290479,0.323268469940768,-15.6874569607802,0.312091138402785,-18.6026476891939
"MWI",2016,"IHS-IV",12445,30.0123232668325,12.5044554339555,0.109325065187242,0.804006529384597,10.9665389352667,15.7904990684211,2.5000184059762,2.25866390607165,-9.65410891886219,2.20578966102316,-11.7690631496831,0.446943077124833,0.387863851489459,-13.2185123026021,0.373293167437859,-16.4785883161589,0.348481125248169,0.247871717072463,-28.8708342823611,0.227258836663089,-34.7858979446167,0.41681112064856,0.354505723215227,-14.9481130293226,0.339214152987126,-18.6168179823735
"ETH",1995,"HICES",11524,27.0068412081767,14.5319414911949,0.405837111727011,0.989494499439391,10.8901692731097,15.6967199641978,2.37903672729592,2.22955938495191,-6.28310360361318,2.14939875608399,-9.6525609956827,0.445645132210074,0.408562267488175,-8.32116454139092,0.386761509338633,-13.2131192770851,0.341138633765302,0.278600268862514,-18.332243467274,0.246156413376018,-27.8427041056363,0.417421455549709,0.378411140599258,-9.34554619361333,0.355429318676059,-14.8512099820099
"MDG",1993,"EPM",4501,31.9808557022358,16.8902137422436,0.272394531804223,0.537383625275614,8.80847720608475,11.6140460788368,2.1035774658147,2.00539842638316,-4.66724145067362,1.95003225255582,-7.29924216027913,0.452556975065018,0.425830483741037,-5.90566333004627,0.409635118331031,-9.48429901623335,0.360228077607908,0.314228097569868,-12.7696820146563,0.28863726782289,-19.8737450618551,0.470074931833383,0.444154823140479,-5.51403764327758,0.428441965971682,-8.85666582970592
"PRY",2002,"EPH",3730,583.385901316247,172.567332467278,0.0557837420515141,0.304430474955796,8.42293254095893,13.9931319330527,12.0427834645846,11.353862423664,-5.72061303723129,10.8829684358221,-9.63078869742425,0.572529655917799,0.546615847536943,-4.52619495130162,0.527057885482405,-7.94225591030745,0.613496503143009,0.555153193795091,-9.50996607951616,0.51441010611047,-16.1510940200813,0.673381883128439,0.653564345662831,-2.94298643342452,0.638583285748196,-5.16773590916556
"MOZ",2014,"IOF",32454,63.7909295041793,35.0397313029553,0.189009546093032,0.499552306740975,8.03678531002836,12.9881439844383,2.86985079677352,2.75977799582307,-3.83548862798726,2.67215222914977,-6.88880996343116,0.539889914426834,0.521568468535719,-3.39355216712376,0.505987180605169,-6.27956420665068,0.511032512470043,0.472890856818432,-7.46364560392749,0.442538133926217,-13.4031351963817,0.625246823576613,0.610304223565831,-2.38987219883913,0.597543848081535,-4.43072630687005
"BFA",1998,"EP-II",8324,26.0147000753795,19.3446115609578,0.285571890011769,0.522710002740921,7.90441908222986,10.6534942679946,1.92779219861173,1.84970209488508,-4.0507531767628,1.82353118685429,-5.40831173777583,0.499439698912732,0.478344343650155,-4.22380425675031,0.470916120417888,-5.71111558751532,0.427856379733149,0.387952388057977,-9.32649215142234,0.374884218960605,-12.3808276051842,0.509014618967136,0.488303523636361,-4.06886061009423,0.48098616244414,-5.50641484126125
"NOR",2005,"EU-SILC",5960,358.442547990092,189.587805804871,0.193907283624611,0.750401454395634,7.75045073062722,10.1811152489934,56.0113439073373,52.3652585023994,-6.5095481568338,51.7314340837378,-7.64114824789783,0.315251929022241,0.267608570206819,-15.1127889885363,0.258689092170186,-17.9421065011357,0.2005364376906,0.1353992518936,-32.4814714707844,0.125794018474517,-37.2712411154923,0.979941293017636,0.978544715971684,-0.142516399288717,0.978282104121395,-0.169315132249581
"COM",2004,"EIM",2987,178.875452898747,66.9551767989343,0.190016279198904,1.40960663564664,7.61448763962276,20.3288638950524,8.68719793956448,8.36560480622517,-3.70192017698445,7.86499390920334,-9.46454813256347,0.559251601662275,0.542327732510246,-3.02616373412723,0.513620126414322,-8.15938213003267,0.546712000682314,0.509751227762751,-6.76055635754015,0.453260139878441,-17.0934350603684,0.589956387361422,0.574196981148728,-2.67128325928933,0.547188599784959,-7.24931342259755
"MMR",2015,"MPLCS",3648,67.3298737870481,31.1377261862893,0.272786082252839,0.647068527057139,7.42240088049847,9.82440728879619,6.41480157200617,6.12233580853282,-4.55923320761238,5.98606776499689,-6.68350847951789,0.380685092850857,0.351159995222828,-7.75577982497872,0.336482798414436,-11.6112491049756,0.250511819043562,0.205946291468961,-17.7897904157771,0.186528927527633,-25.5408673970796,0.344908090103458,0.313669042004899,-9.05720944069128,0.29826220475723,-13.524149384909
"PRY",2007,"EPH",4308,459.055679466617,153.681137960112,0.0898945081048153,0.251813647679625,7.16821568042012,10.2448027015575,14.0137237503716,13.4218556520704,-4.2234891228355,12.9650354802976,-7.4832948669061,0.53030302992731,0.509615044898151,-3.90116289397685,0.492393278744337,-7.14869594242543,0.513627777009762,0.471167869903579,-8.26666878364253,0.438318498009687,-14.6622286353965,0.615425452393774,0.598468910402229,-2.75525523450324,0.584338133966126,-5.05135403593238
"NOR",2006,"EU-SILC",5731,363.536575920944,193.900751783773,0.438130842503654,0.965873744986416,7.04173839578208,9.42975327115638,57.3706520734331,54.923526701359,-4.26546550131913,53.8335775856656,-6.1653029204552,0.305647991502914,0.274774584114598,-10.1009685149597,0.260228810374526,-14.8599638770912,0.180475325191453,0.139747419717821,-22.56702151966,0.12391776275798,-31.3381136027738,0.972043051951079,0.970797651540231,-0.12812193949111,0.970207205611236,-0.188864715010151
"MOZ",2002,"IAF",8697,26.4198282529007,14.1554073284634,0.253752970083266,0.711927679172299,6.7657206406308,11.509869933641,1.76919978656739,1.71654177031624,-2.97637477977093,1.66634345513815,-5.8137205424837,0.470390696036914,0.454174429033249,-3.44740385817338,0.437864826518689,-6.91464984155919,0.380030994576405,0.350972069434898,-7.64646188237793,0.323976818512093,-14.7498958938316,0.478847555534346,0.462875385980356,-3.33554371728313,0.446770181736537,-6.69886969810534
"PRY",2014,"EPH",4522,558.45118723998,183.933682025759,0.152100114435331,0.459519555564753,6.50256884516609,10.1756975087631,20.1091223241883,19.6509176957567,-2.27859088549269,18.9080901029904,-5.97257404791475,0.507026450858948,0.495545029212247,-2.26446206647617,0.475815632735305,-6.15565875720465,0.459929992355421,0.437387335347768,-4.90132354539577,0.40130332130118,-12.7468684427382,0.572382598794791,0.562414232233841,-1.74155653612461,0.545258246171729,-4.73884997205993
"RWA",2005,"EICV-II",6900,52.3869848217813,19.2681573526139,0.191005662674087,1.18300797583137,6.13686225413973,16.3546795621571,2.73733296338608,2.66940871749973,-2.48140240134783,2.51759476695215,-8.02745589860996,0.520394140975533,0.508209988132553,-2.34133167220895,0.478913423140743,-7.971019381008,0.467695602540628,0.443372892405979,-5.20054283224438,0.39013573500982,-16.5834074790281,0.542893705923226,0.531268753596533,-2.14129436386159,0.503127777026851,-7.32480934343307
"CAF",2008,"ECASEB",6894,113.490414243315,31.99159504265,0.0777356009547112,0.521218631615554,5.46574390464477,13.4238544440321,3.038541222948,2.96068479680263,-2.56229619520613,2.79739802587084,-7.93615025710279,0.562366081510158,0.550865562343604,-2.0450236144526,0.524808101121525,-6.67856430597233,0.570636958618466,0.545061516936929,-4.48191118630937,0.491424732301518,-13.8813697782078,0.631898326387564,0.622219347788785,-1.5317303741114,0.600197051850578,-5.01683153969034
"RWA",2013,"EICV-IV",14415,43.4082362998966,15.8112653306149,0.245040043699401,1.4800825043792,5.37305765132708,14.4623201706103,3.10200573370797,3.04170073848678,-1.94406459555797,2.88740350466784,-6.91817641431653,0.45112831890304,0.440269879726736,-2.40695135315544,0.410746854861926,-8.95121462099856,0.34179946695129,0.323135879962974,-5.46039089960768,0.277626837988877,-18.7749353545827,0.435426421494235,0.424249898886406,-2.56679936175561,0.393800707481149,-9.55975842491158
"RWA",2000,"EICV-I",6419,34.7003805847914,15.3185349883994,0.208523250074787,0.975281968952833,5.36125129941378,12.7619823271385,2.11252108331151,2.07162188066581,-1.93603760780409,1.99232042565181,-5.68991517335663,0.485472726862906,0.475330648674244,-2.08911389403886,0.454660457756223,-6.34685892774861,0.402055287545035,0.383264191191433,-4.67375929025611,0.34800675766505,-13.4430590902082,0.492733087952667,0.482727140424078,-2.03070339159974,0.462246644564091,-6.18721253635482
"PRY",2010,"EPH",4344,486.024312088783,181.499598971594,0.0692735991844505,0.315713371787603,5.09175346524642,8.94293704403018,15.420182918461,14.9717117542583,-2.90833880878156,14.6141841716829,-5.22690781970636,0.509824377177386,0.495151972956789,-2.87793304467495,0.482835781182396,-5.29370449965736,0.473922802657629,0.44489657154897,-6.12467493564094,0.42202617335095,-10.9504393997623,0.595558240321782,0.583445067548157,-2.03391909531475,0.573267886773451,-3.74276637265353
