hhid,subnatid,urban,hsize,weight,welfare_ppp_day,predicted_welfare_ppp_day,in_sample_predicted_welfare_ppp_day,actual_to_predicted_ratio,log_residual_crossfit,standardized_log_residual,inconsistency_flag,direction
252563005049.0,225 – Mchinji,Rural,2,324.36612,53435.87736543687,3.297460151459669,3.3806790188969615,16205.16243138911,9.693085139060685,16.795296546626258,True,reported welfare unusually high
343406801173.0,134 – Karonga,Rural,1,148.4,12186.407816487754,6.381536968122911,6.285229173391812,1909.6352300960357,7.554667523794552,13.090040947024205,True,reported welfare unusually high
313110008237.0,131 – Mzuzu City,Urban,2,151.02127,543.6131314845201,7.304342060725042,7.493895296822965,74.42328507689851,4.309768864337384,7.467575605239906,True,reported welfare unusually high
242418065255.0,224 – Lilongwe City,Urban,7,1827.4313,442.96033824619815,8.722409956074213,8.790349090362751,50.78416865028504,3.9275846652719486,6.80536157671845,True,reported welfare unusually high
313109004249.0,131 – Mzuzu City,Urban,1,75.510635,321.8871781529243,9.192571308469658,8.821843816999165,35.016011010580975,3.555805414332827,6.161176296198959,True,reported welfare unusually high
60627011005.0,306 – Zomba Rural,Rural,5,847.06177,46.279833894930256,1.9260416096986797,1.9553218635768466,24.028470445231203,3.1792393958386653,5.508696940115981,True,reported welfare unusually high
50513188055.0,305 – Blantyre City,Urban,5,983.43225,155.75599114333724,7.474968366683244,7.331906992542521,20.83701007184978,3.036730735951664,5.261770892430772,True,reported welfare unusually high
20272015142.0,302 – Chikawa,Rural,2,518.75,56.65193806940078,3.0237237801465744,3.023286860324975,18.735817881703,2.930437086574505,5.077594921963076,True,reported welfare unusually high
242403134158.0,224 – Lilongwe City,Urban,5,1305.3081,169.10528874213057,9.839818298408092,9.871215089111661,17.185814169910923,2.8440842859564475,4.927970641024127,True,reported welfare unusually high
90961054021.0,309 – Mulanje,Rural,3,580.8601,35.25106425739197,2.0894555026955275,2.0976414376042287,16.870933222514623,2.825592213493464,4.895929259325545,True,reported welfare unusually high
202079015033.0,220 – Ntcheu,Rural,4,1553.693,30.257326327271063,1.8565157120599727,1.959670699978444,16.297910182347884,2.791036889921245,4.836054936719906,True,reported welfare unusually high
50505119079.0,305 – Blantyre City,Urban,4,786.7458,127.79021830214,7.842772794551549,7.891197511847249,16.294009994898374,2.7907975552980067,4.835640239447211,True,reported welfare unusually high
101065801099.0,310 – Phalombe,Rural,12,3110.2778,18.382189319959373,1.1706922538075069,1.2243380198918217,15.70198253227863,2.753786980323441,4.77151168046509,True,reported welfare unusually high
40434007009.0,304 – Blantyre Rural,Rural,4,606.955,30.894246561540932,2.112221328609985,2.1177484276143295,14.626424865178254,2.6828298150511047,4.648563556543799,True,reported welfare unusually high
202079002077.0,220 – Ntcheu,Rural,4,1553.693,28.432470237092637,2.0043042722736,1.959670699978444,14.185705549008294,2.6522348061150405,4.595551307032322,True,reported welfare unusually high
121203801708.0,312 – Mangochi,Rural,8,1685.2756,22.134579510308665,1.5612056173091655,1.5537105470039976,14.17787590878579,2.6516827150165994,4.594594693778022,True,reported welfare unusually high
50503088104.0,305 – Blantyre City,Urban,5,983.43225,100.88785347145638,7.250401241821957,7.331906992542521,13.91479589977895,2.6329527272295326,4.562141074039266,True,reported welfare unusually high
50503088061.0,305 – Blantyre City,Urban,4,786.7458,111.46021960134956,8.059204235786275,7.891197511847249,13.83017681899896,2.6268529307720128,4.551571901385941,True,reported welfare unusually high
40441014006.0,304 – Blantyre Rural,Rural,4,606.955,29.151344980642847,2.112221328609985,2.1177484276143295,13.801273846537107,2.624760895623144,4.547947013106602,True,reported welfare unusually high
50514195012.0,305 – Blantyre City,Urban,1,196.68645,156.52938647891995,11.533231763498586,11.409981159511124,13.572031646352437,2.608011178657582,4.518924626583344,True,reported welfare unusually high
50512147090.0,305 – Blantyre City,Urban,6,1180.1187,90.46960659037353,6.810139477239291,6.8903624331437525,13.284545330200533,2.586601354328072,4.481827629758643,True,reported welfare unusually high
50505119088.0,305 – Blantyre City,Urban,6,1180.1187,89.02839877985751,6.810139477239291,6.8903624331437525,13.072918561713223,2.5705428050577743,4.454002835770565,True,reported welfare unusually high
242425031321.0,224 – Lilongwe City,Urban,1,261.0616,193.3749775515859,15.031924384821044,15.361675796324931,12.864286208547746,2.5544549609879086,4.426127282417542,True,reported welfare unusually high
50513188031.0,305 – Blantyre City,Urban,6,1180.1187,81.50722573465076,6.6954376315078665,6.8903624331437525,12.173547155616575,2.4992653317140845,4.330499711148518,True,reported welfare unusually high
50511139044.0,305 – Blantyre City,Urban,3,590.0593,98.25054520051549,8.559005361849348,8.631150530805476,11.479201267761146,2.4405368124919056,4.228740273164636,True,reported welfare unusually high
50512147042.0,305 – Blantyre City,Urban,6,1180.1187,74.62540185830444,6.6954376315078665,6.8903624331437525,11.145709356939854,2.411054612810577,4.177656198343155,True,reported welfare unusually high
50505113282.0,305 – Blantyre City,Urban,6,1180.1187,72.44526208601903,6.6954376315078665,6.8903624331437525,10.820093632879345,2.381404927066599,4.126281918901651,True,reported welfare unusually high
90961010004.0,309 – Mulanje,Rural,7,1355.3403,16.923249229340975,1.5908998263853957,1.5867737864339333,10.637532890924657,2.3643885858735283,4.096797550160835,True,reported welfare unusually high
343406003128.0,134 – Karonga,Rural,1,148.4,64.16920155225493,6.264708911208063,6.285229173391812,10.242966187535245,2.326591244417537,4.031305753759573,True,reported welfare unusually high
60624011205.0,306 – Zomba Rural,Rural,5,847.06177,19.655575024257917,1.9260416096986797,1.9553218635768466,10.205166350135572,2.3228940969751606,4.0248996728492665,True,reported welfare unusually high
242403135009.0,224 – Lilongwe City,Urban,4,1044.2465,111.80127163042012,10.986993715140672,10.624208412536706,10.17578370654312,2.3200107511186396,4.019903673328782,True,reported welfare unusually high
343406023011.0,134 – Karonga,Rural,1,148.4,63.31817196768324,6.258180403719357,6.285229173391812,10.117664861507034,2.3142828923232446,4.0099789604364755,True,reported welfare unusually high
50505119087.0,305 – Blantyre City,Urban,7,1376.8052,63.73846578445584,6.33720683002932,6.529086984804065,10.057816873267642,2.3083501305118053,3.99969921022959,True,reported welfare unusually high
303034038090.0,130 – Mzimba,Rural,6,1390.7949,28.88239423562677,2.874509924037808,2.837430299090513,10.047762922681384,2.3073500149691233,3.997966300956716,True,reported welfare unusually high
50512147051.0,305 – Blantyre City,Urban,5,983.43225,73.92847742132629,7.503432133460522,7.331906992542521,9.852621587880089,2.287737570825905,3.963983641084875,True,reported welfare unusually high
212165040192.0,221 – Dedza,Rural,5,1256.5034,21.341497113447293,2.286470624927263,2.32136524281896,9.333816442153596,2.2336439818268197,3.870255188742095,True,reported welfare unusually high
121203018123.0,312 – Mangochi,Rural,13,2738.573,12.106886979806815,1.3195850156969016,1.3007728618469376,9.174768458107192,2.216457157448593,3.8404754222399022,True,reported welfare unusually high
121203801398.0,312 – Mangochi,Rural,8,1685.2756,14.215119359768504,1.549618635881199,1.5537105470039976,9.173301759942374,2.216297282524363,3.84019840550846,True,reported welfare unusually high
50514195078.0,305 – Blantyre City,Urban,5,983.43225,66.55459863600775,7.300304413079512,7.331906992542521,9.116688136561255,2.2101065952129675,3.8294717454481524,True,reported welfare unusually high
222233017304.0,222 – Salima,Rural,6,1506.4268,22.29047022447713,2.471891537230768,2.523654735046048,9.017576171424126,2.1991755808265987,3.8105314776654335,True,reported welfare unusually high
50512147005.0,305 – Blantyre City,Urban,4,786.7458,71.04560351074888,8.059204235786275,7.891197511847249,8.81546135724869,2.176507152228269,3.771253685807323,True,reported welfare unusually high
50505113073.0,305 – Blantyre City,Urban,8,1573.4916,54.69365626603847,6.2267100288523265,6.228238049542765,8.783716603568788,2.1728996214471734,3.7650028844989323,True,reported welfare unusually high
242403135043.0,224 – Lilongwe City,Urban,1,261.0616,130.23776649885605,15.031924384821044,15.361675796324931,8.66407807574975,2.1591855211712154,3.741240338549893,True,reported welfare unusually high
50511139020.0,305 – Blantyre City,Urban,1,196.68645,95.27155034574889,11.205325583353979,11.409981159511124,8.502345571045176,2.140342074963927,3.708590128377234,True,reported welfare unusually high
50513188028.0,305 – Blantyre City,Urban,2,393.3729,80.94520763861853,9.583629459238013,9.692441390011416,8.446195461010072,2.133716098679451,3.6971092391647544,True,reported welfare unusually high
50511139023.0,305 – Blantyre City,Urban,4,786.7458,67.32888939885606,8.060725574396713,7.891197511847249,8.352708298706117,2.1225858334240315,3.6778237275938226,True,reported welfare unusually high
121203001127.0,312 – Mangochi,Rural,4,842.6378,16.320536784330244,1.9768306093026695,1.9685562281211884,8.25591060130708,2.1109293803505267,3.657626485617434,True,reported welfare unusually high
242425034286.0,224 – Lilongwe City,Urban,4,1044.2465,86.16439934794174,10.549222198408266,10.624208412536706,8.167843820840439,2.1002049598226096,3.6390441848872714,True,reported welfare unusually high
50513188060.0,305 – Blantyre City,Urban,1,196.68645,93.43759544544238,11.533231763498586,11.409981159511124,8.101596964448605,2.0920611983504487,3.6249334155122295,True,reported welfare unusually high
80852027241.0,308 – Thyolo,Rural,2,541.0025,16.470039647296815,2.0737324340623338,2.097065336556496,7.9422202096887045,2.072192859558198,3.590507364660785,True,reported welfare unusually high
50505119072.0,305 – Blantyre City,Urban,3,590.0593,69.58456233883007,8.792820688671283,8.631150530805476,7.913792945702077,2.0686071795810546,3.584294424438611,True,reported welfare unusually high
242402128060.0,224 – Lilongwe City,Urban,5,1305.3081,76.76628384307095,9.758537189613737,9.871215089111661,7.866576962454505,2.062623020220622,3.573925617232356,True,reported welfare unusually high
60627006108.0,306 – Zomba Rural,Rural,1,169.41235,24.204407226366705,3.082828805035252,3.0428898848395485,7.8513627441242,2.060687114705537,3.570571256185729,True,reported welfare unusually high
90962017010.0,309 – Mulanje,Rural,4,774.48016,14.775677098537832,1.8880229213013253,1.917809547416783,7.826005146353654,2.057452181384945,3.564966057876992,True,reported welfare unusually high
101065801178.0,310 – Phalombe,Rural,8,2073.5186,10.85020769208982,1.411896651379343,1.4193670634738023,7.684845545521892,2.0392502786131677,3.5334274558344974,True,reported welfare unusually high
242447059037.0,224 – Lilongwe City,Urban,4,1044.2465,80.73622055531249,10.549222198408266,10.624208412536706,7.6532865681314854,2.035135172328806,3.526297173847369,True,reported welfare unusually high
272727021115.0,227 – Dowa,Rural,6,1126.1139,20.839560776815635,2.7471113979131245,2.7670676761198574,7.58599043076544,2.0263031818324078,3.5109939037990916,True,reported welfare unusually high
111112012106.0,311 – Machinga,Rural,6,2874.893,14.53656717220896,1.923351178244846,1.9053122987017819,7.55793707183225,2.022598278858268,3.504574384808548,True,reported welfare unusually high
313113020223.0,131 – Mzuzu City,Urban,8,604.0851,36.41887415164953,4.836106561277255,4.815480635772757,7.5306186268217825,2.01897719339368,3.4983000971771157,True,reported welfare unusually high
80855032137.0,308 – Thyolo,Rural,2,541.0025,15.558554621079848,2.0737324340623338,2.097065336556496,7.5026818144525285,2.015260531887804,3.491860204071971,True,reported welfare unusually high
242402128094.0,224 – Lilongwe City,Urban,5,1305.3081,73.38672277380867,9.7826307940171,9.871215089111661,7.501736937541465,2.015134585401248,3.4916419754522523,True,reported welfare unusually high
50505119063.0,305 – Blantyre City,Urban,6,1180.1187,52.33770957353321,7.013353844139389,6.8903624331437525,7.4625793502873785,2.0099011118665273,3.4825738883856947,True,reported welfare unusually high
50511139060.0,305 – Blantyre City,Urban,4,786.7458,57.384922842992694,7.689843006079269,7.891197511847249,7.462431001208551,2.0098812326067694,3.482539443411987,True,reported welfare unusually high
343406014289.0,134 – Karonga,Rural,5,742.0,28.291436917455282,3.865854001841706,4.0388073461199445,7.318289025911777,1.990376561022317,3.448743522030327,True,reported welfare unusually high
90964022031.0,309 – Mulanje,Rural,1,193.62004,20.13967684696553,2.7564923072741876,2.772984806260875,7.306269926390997,1.9887328735421013,3.445895489823434,True,reported welfare unusually high
242403135093.0,224 – Lilongwe City,Urban,3,783.1848,83.3261487378685,11.45052867395728,11.620434280295736,7.27705690370287,1.9847265089994677,3.438953625638597,True,reported welfare unusually high
111112012152.0,311 – Machinga,Rural,4,1916.5955,15.625114126939295,2.151012256005445,2.1820616573789717,7.264074894652642,1.9829409516330434,3.435859774192966,True,reported welfare unusually high
303034065196.0,130 – Mzimba,Rural,8,1854.3932,18.43477099468444,2.5456881521081622,2.56476949118307,7.241566874331422,1.9798376020889386,3.4304825722873478,True,reported welfare unusually high
121203001170.0,312 – Mangochi,Rural,2,421.3189,17.340629382196155,2.4183148071719156,2.417898656745204,7.17054261536572,1.969981330320675,3.413404520788032,True,reported welfare unusually high
50514195024.0,305 – Blantyre City,Urban,12,2360.2373,36.45331284833346,5.193233939408822,5.37244299746486,7.019385853525244,1.9486757289578478,3.376488112043111,True,reported welfare unusually high
70708019519.0,307 – Zomba City,Urban,1,59.50424,46.45751980228619,6.624873558995584,6.654946987099182,7.012589657534498,1.9477070561552459,3.3748096838911916,True,reported welfare unusually high
50512147092.0,305 – Blantyre City,Urban,2,393.3729,69.19304910550794,9.954292165870918,9.692441390011416,6.9510767769848885,1.9388965795162592,3.3595436910988035,True,reported welfare unusually high
131333018092.0,313 – Chiradzulu,Rural,4,464.50525,13.130823040571658,1.8978116212422187,1.8706143686747203,6.918928566775682,1.9342609262511636,3.3515114526362657,True,reported welfare unusually high
50510137079.0,305 – Blantyre City,Urban,5,983.43225,51.00962172403613,7.474968366683244,7.331906992542521,6.824058540687827,1.9204543887996839,3.3275887399546997,True,reported welfare unusually high
70703007163.0,307 – Zomba City,Urban,3,178.51271,34.24149469254904,5.039703867232343,5.034175641236947,6.794346571667407,1.9160908798691174,3.3200280484492275,True,reported welfare unusually high
252563026159.0,225 – Mchinji,Rural,2,324.36612,23.470486484510936,3.478346631747129,3.3806790188969615,6.747598491275728,1.9091866625097869,3.308065048402417,True,reported welfare unusually high
50512147045.0,305 – Blantyre City,Urban,6,1180.1187,45.611235277161384,6.810139477239291,6.8903624331437525,6.6975478886449125,1.9017414726380015,3.295164700376103,True,reported welfare unusually high
50504101015.0,305 – Blantyre City,Urban,4,786.7458,52.28036697549239,7.842772794551549,7.891197511847249,6.666056552321913,1.897028463546218,3.286998426770967,True,reported welfare unusually high
70703007008.0,307 – Zomba City,Urban,5,297.52118,29.089324303934855,4.388713491663459,4.276383253186975,6.62821219913107,1.8913351146117372,3.2771335094277063,True,reported welfare unusually high
272727021154.0,227 – Dowa,Rural,7,1313.7996,17.49408763646986,2.640984449528719,2.6219847976825963,6.624078244607484,1.8907112293029713,3.276052497693931,True,reported welfare unusually high
50511139021.0,305 – Blantyre City,Urban,3,590.0593,55.584786185831746,8.54714220852898,8.631150530805476,6.503318282263407,1.872312551601865,3.244172941946438,True,reported welfare unusually high
232347801342.0,223 – Lilongwe Rural,Rural,5,1053.7969,15.292723770276615,2.387487045643919,2.4023500960079702,6.405364082782731,1.857135777258963,3.2178760073736576,True,reported welfare unusually high
40441027047.0,304 – Blantyre Rural,Rural,3,455.21625,14.830290229805442,2.316915273797162,2.3163284707642613,6.40087723428068,1.8564350488290422,3.2166618488668117,True,reported welfare unusually high
242403135069.0,224 – Lilongwe City,Urban,2,522.1232,85.8237985578082,13.417434250857378,13.04928905900278,6.396438913223967,1.8557414156979224,3.21545998444856,True,reported welfare unusually high
121203001159.0,312 – Mangochi,Rural,2,421.3189,15.525903253622937,2.4385740258276063,2.417898656745204,6.366795959107182,1.8510963538914458,3.207411443721026,True,reported welfare unusually high
303034065178.0,130 – Mzimba,Rural,6,1390.7949,18.109321961982314,2.8507055628574687,2.837430299090513,6.352575375701035,1.848860301659463,3.2035370157353937,True,reported welfare unusually high
242410069096.0,224 – Lilongwe City,Urban,2,522.1232,80.4716253236297,12.821305663941715,13.04928905900278,6.27639863153297,1.8367963496690023,3.182633696689164,True,reported welfare unusually high
50511139061.0,305 – Blantyre City,Urban,2,393.3729,60.2449104787342,9.607646318865184,9.692441390011416,6.270517094331391,1.8358588224294983,3.1810092347369467,True,reported welfare unusually high
70703007353.0,307 – Zomba City,Urban,2,119.00848,35.490090457746206,5.67319612140816,5.653180555195201,6.255748910886781,1.8335008667097337,3.1769235834722456,True,reported welfare unusually high
222233026024.0,222 – Salima,Rural,1,251.07114,26.137832109847928,4.20609933635291,4.179004117617754,6.214268855692772,1.8268480761586199,3.16539623293673,True,reported welfare unusually high
111120030083.0,311 – Machinga,Rural,2,958.2977,16.474049680818975,2.670949423444269,2.6801388118577165,6.167862834173474,1.81935239771503,3.1524084029040678,True,reported welfare unusually high
292916006009.0,229 – Nkhotakota,Rural,6,1379.725,15.234783633174686,2.475763656903017,2.5353518816136047,6.153569461566532,1.8170323137060629,3.1483883722962003,True,reported welfare unusually high
50512147047.0,305 – Blantyre City,Urban,1,196.68645,72.1590073853603,11.768569007392188,11.409981159511124,6.131502253165621,1.8134397856936788,3.1421635664212464,True,reported welfare unusually high
50503088039.0,305 – Blantyre City,Urban,1,196.68645,68.85420391686365,11.3259827473983,11.409981159511124,6.079313861985196,1.804891837962678,3.1273524598491305,True,reported welfare unusually high
232354013045.0,223 – Lilongwe Rural,Rural,6,1264.5563,13.617188108572655,2.246447470989974,2.257674963638951,6.061654360683438,1.8019827596368225,3.1223118734456112,True,reported welfare unusually high
60621022019.0,306 – Zomba Rural,Rural,1,169.41235,18.679517001095554,3.082828805035252,3.0428898848395485,6.059213203985213,1.8015799573261448,3.1216139342280718,True,reported welfare unusually high
70702005236.0,307 – Zomba City,Urban,3,178.51271,31.100314692973264,5.145404928521713,5.034175641236947,6.044289054993473,1.799113868381646,3.117340919543995,True,reported welfare unusually high
232346023089.0,223 – Lilongwe Rural,Rural,1,210.75938,22.634608657370663,3.7687818544766096,3.7385593355017868,6.0058155476642865,1.7927282577449277,3.106276514069747,True,reported welfare unusually high
242410071026.0,224 – Lilongwe City,Urban,2,522.1232,77.3600367274693,12.931225566730326,13.04928905900278,5.982421103727593,1.7888253528701537,3.099513915389895,True,reported welfare unusually high
90961007098.0,309 – Mulanje,Rural,5,968.1002,10.543549412074716,1.7688565204355378,1.7818843350403397,5.960658363335554,1.7851809386235042,3.093199205766169,True,reported welfare unusually high
303034003197.0,130 – Mzimba,Rural,6,1390.7949,16.850224315587337,2.8507055628574687,2.837430299090513,5.910896072583917,1.7767974396514488,3.0786730410503953,True,reported welfare unusually high
303034019009.0,130 – Mzimba,Rural,9,2086.1924,14.34182584315614,2.445930342400952,2.4581581064417137,5.863546313865196,1.7687545935601159,3.0647371286711196,True,reported welfare unusually high
50505119123.0,305 – Blantyre City,Urban,8,1573.4916,36.92679998010901,6.322605493146195,6.228238049542765,5.840440309005243,1.764806189375657,3.0578956929246517,True,reported welfare unusually high
131329002008.0,313 – Chiradzulu,Rural,4,464.50525,10.75900190327495,1.8516719899227434,1.8706143686747203,5.810425367898903,1.7596537812473687,3.048968068623166,True,reported welfare unusually high
90961037072.0,309 – Mulanje,Rural,6,1161.7202,9.871700463837769,1.7086790036945103,1.6745750996101567,5.777387351569927,1.7539515651952549,3.0390877871447484,True,reported welfare unusually high
50513180004.0,305 – Blantyre City,Urban,5,983.43225,42.92589826186365,7.503432133460522,7.331906992542521,5.720835145618433,1.744114799212837,3.0220435334975053,True,reported welfare unusually high
121203801415.0,312 – Mangochi,Rural,6,1263.9568,9.666238684727029,1.7038376176428474,1.718885614181287,5.673215912499728,1.7357561372887367,3.0075604041600217,True,reported welfare unusually high
70703007371.0,307 – Zomba City,Urban,6,357.02542,22.354158370069502,3.948023112473108,4.018849468147249,5.662114362868175,1.7337973848022514,3.004166455958804,True,reported welfare unusually high
252560801310.0,225 – Mchinji,Rural,5,810.9153,14.255736152054705,2.5201932597977375,2.5573354680005167,5.656604348350183,1.732823773725976,3.0024794712152953,True,reported welfare unusually high
303034801136.0,130 – Mzimba,Rural,4,927.1966,18.157927093575076,3.210946935675761,3.249571141355361,5.655006905230479,1.7325413306514195,3.0019900795379644,True,reported welfare unusually high
70703007327.0,307 – Zomba City,Urban,5,297.52118,23.783235608849477,4.207879501378867,4.276383253186975,5.6520714533427165,1.7320221068766086,3.00109041579346,True,reported welfare unusually high
222233037081.0,222 – Salima,Rural,7,1757.4979,0.4203825828305797,2.4305355039639114,2.3913344827073972,0.17295883238281698,-1.7547016759071745,-3.0403875107795617,True,reported welfare unusually low
111120134016.0,311 – Machinga,Rural,1,479.14886,0.5414444207484358,3.222440706338441,3.1550702364510297,0.1680230825297829,-1.783653913006233,-3.0905533146274418,True,reported welfare unusually low
70713030005.0,307 – Zomba City,Urban,5,297.52118,0.6976270741705745,4.343490953183648,4.276383253186975,0.16061437256113884,-1.828748988565017,-3.16868996110651,True,reported welfare unusually low
121206019051.0,312 – Mangochi,Rural,4,842.6378,0.3064134366221642,1.9739954879706927,1.9685562281211884,0.1552249934153413,-1.8628796441512732,-3.227828457640699,True,reported welfare unusually low
10177006093.0,301 – Nsanje,Rural,1,187.22176,0.5242331695895442,3.460006169023337,3.5260405033698166,0.1515122066205797,-1.8870890855254414,-3.2697763763140637,True,reported welfare unusually low
10177002087.0,301 – Nsanje,Rural,6,1123.3306,0.3102390251271672,2.1668948910694175,2.1293371726482033,0.1431721614212937,-1.9437074468369842,-3.3678795245449007,True,reported welfare unusually low
232351033060.0,223 – Lilongwe Rural,Rural,7,1475.3157,0.20259981047437223,2.1510331868649546,2.1393005613331186,0.09418720813399137,-2.3624709013766925,-4.093474760837812,True,reported welfare unusually low
